<?xml version="1.0" encoding="UTF-8"?>
<project-private xmlns="http://www.netbeans.org/ns/project-private/1">
    <editor-bookmarks xmlns="http://www.netbeans.org/ns/editor-bookmarks/2" lastBookmarkId="0"/>
    <open-files xmlns="http://www.netbeans.org/ns/projectui-open-files/2">
        <group>
            <file>file:/C:/xampp/htdocs/LaravelDorgenLanding/app/resources/views/articles/index.blade.php</file>
            <file>file:/C:/xampp/htdocs/LaravelDorgenLanding/app/resources/views/pages/map.blade.php</file>
            <file>file:/C:/xampp/htdocs/LaravelDorgenLanding/app/resources/views/layouts/navbars/sidebar.blade.php</file>
            <file>file:/C:/xampp/htdocs/LaravelDorgenLanding/app/resources/views/layouts/site.blade.php</file>
            <file>file:/C:/xampp/htdocs/LaravelDorgenLanding/app/routes/web.php</file>
            <file>file:/C:/xampp/htdocs/LaravelDorgenLanding/app/resources/views/pages/table_list.blade.php</file>
        </group>
    </open-files>
</project-private>
